RBP0,Motif,RBP,smallest_p_in_upstreamIntron,smallest_p_in_targetExon.5prime,smallest_p_in_targetExon.3prime,smallest_p_in_downstreamIntron,enriched_in_,nd.mean,t2d.mean
FXR1,A[CT]GAC[AG],FXR1.A[CT]GAC[AG],0.0207740411935,0.10405270389,0.154265866793,0.0766202013863,ND_beta_cell,0.794408556949392,0.701075852900899
HNRNPK,CCA[AT][AC]CC,HNRNPK.CCA[AT][AC]CC,0.112205837556,0.0346346714329,0.357350167814,0.153163315228,ND_beta_cell,0.651121922342463,0.615943503199277
FMR1,[GT]GACA[AG]G,FMR1.[GT]GACA[AG]G,0.0474605497376,0.0766202013863,0.0346346714329,0.00318624809486,ND_beta_cell,0.333844143993925,0.329846759938408
SRSF10,AGAGA[ACG][AC],SRSF10.AGAGA[ACG][AC],0.0154599912543,0.0405055712105,0.172446797788,0.0481249205746,ND_beta_cell,0.0616060296856344,0.0566453856567339
HNRNPH2,GGGAGGG,HNRNPH2.GGGAGGG,0.109502082614,0.176430517711,0.000950527736771,0.153163315228,ND_beta_cell,0.0426554481836178,0.0290600480144413
LIN28A,[CT]GGAGG[AG],LIN28A.[CT]GGAGG[AG],0.0716899540732,0.101480294992,0.17743222645,2.99158902075e-06,ND_beta_cell,0.00316922598501756,0.00116102967402798
PCBP2,CC[CT][CT]CC[ACT],PCBP2.CC[CT][CT]CC[ACT],0.035236621359,0.623911352402,0.230600194738,0.0963243680023,T2D_beta_cell,1.16536848937469,1.21350494152419
MBNL1,GCTTGC,MBNL1.GCTTGC,0.299000666562,0.01020252286,0.000451046945803,0.080013934202,T2D_beta_cell,0.703978073501448,0.713698301940997
ESRP1,TGGTGG,ESRP1.TGGTGG,0.0995233541379,0.0186570214813,0.0395822793674,0.0676156652863,T2D_beta_cell,0.300310840145358,0.439504917692278
FUS,CGCGC,FUS.CGCGC,0.0304369719689,0.536577182931,0.143090479217,0.174744027304,T2D_beta_cell,0.152741391986685,0.196776736540415
ANKHD1,AGACG[AT][AT],ANKHD1.AGACG[AT][AT],0.0304369719689,1,1,0.143090479217,T2D_beta_cell,0.178475712638698,0.195039096940616
SAMD4A,GC[GT]GG[ACT][AC],SAMD4A.GC[GT]GG[ACT][AC],0.117647407288,0.13187121024,0.0602040873692,0.0395822793674,T2D_beta_cell,0.0714339319143336,0.0874930211338689
ZC3H10,[GC][GC]AGCG[AC],ZC3H10.[GC][GC]AGCG[AC],0.0400729130501,0.420672629389,0.420672629389,0.319051082639,T2D_beta_cell,0.0372690688563849,0.0470634083461344
